<?xml version="1.0" encoding="utf-8" ?>
<component name="GHError" extends="Group" initialFocus="label">

  <script type="text/brightscript" uri="GHError.brs"/>
  <script type="text/brightscript" uri="GHError_fields.brs"/>
  <script type="text/brightscript" uri="pkg:/source/GHRDK/Utils.brs" />
  <script type="text/brightscript" uri="pkg:/source/GHRDK/Fonts.brs" />

  <interface>

    <!-- text -->
    <field id="title" type="string" value="Alert" onChange="updateFieldTitle" alwaysNotify="true" />
    <field id="descrip" type="string" value="" onChange="updateFieldDescrip" alwaysNotify="true" />
    <!-- position -->
    <field id="translation" type="string" value="[0,0]" onChange="updateFieldTranslation" />
    <field id="width" type="string" value="1280" onChange="updateFieldWidth" />
    <field id="height" type="string" value="720" onChange="updateFieldHeight" />
    <!-- align -->
    <field id="backColor" type="string" value="0xFFFFFF" onChange="updateFieldBackColor" />
    <!-- focus and select -->
    <field id="focus" type="boolean" value="false" onChange="updateFieldFocus" />
    <!-- <field id="selected" type="boolean" value="false" alwaysNotify="true" /> -->
    <field id="value" type="string" value=""/>
    <!-- componente -->
    <field id="wasClosed" type="boolean" value="false" alwaysNotify="true" />
    <field id="debug" type="boolean" value="false" />

  </interface>

  <children>
    <Rectangle id="background" color="0x000000DD" translation="[0,0]" width="1280" height="720"/>
    <Label id="titleText" focusable="false" color="0xFFFFFF" translation="[0,240]" width="1280" horizAlign = "center" text="" />
    <Label id="descripText" focusable="false" color="0xFFFFFF" translation="[0,300]" width="1280" horizAlign = "center" text="" />
    <GHButtonGroup id="botonera" layout="childs" orientation="vertical" defaultChild="bOk">
      <GHButton id="bOk" text="OK" value="OK" translation="[480,460]" color="0x000000" backcolor="0xCCCCCC" focusColor="0xFFFFFF" selBackColor="0xFF0000" />
      <!-- <GHButton id="bCancel" text="Cancel" value="Cancel" translation="[550,430]" horizAlign="left" color="0x000000" backcolor="0xCCCCCC" focusColor="0xFFFFFF" selBackColor="0xFF0000" /> -->
    </GHButtonGroup>
  </children>

</component>
