<?xml version="1.0" encoding="UTF-8"?>

<component name="Login" extends="Task">
  <interface>
    <!-- parametros del api -->
    <field id="username" type="string" value="" />
    <field id="password" type="string" value="" />
    <!-- parametros generales -->
    <field id="content" type="assocarray" />
    <field id="debug" type="boolean" value="true" />
  </interface>

  <script type="text/brightscript" uri="Login.brs" />
  <script type="text/brightscript" uri="pkg:/source/GHRDK/Utils.brs" />
  <script type="text/brightscript" uri="pkg:/source/GHRDK/Files.brs" />

</component>
