<?xml version="1.0" encoding="utf-8" ?>
<component name="GHButtonGroup" extends="Group" initialFocus="label">

  <script type="text/brightscript" uri="GHButtonGroup.brs"/>
  <script type="text/brightscript" uri="GHButtonGroup_fields.brs"/>
  <script type="text/brightscript" uri="pkg:/source/GHRDK/Utils.brs" />

  <interface>
    <!-- defaults -->
    <field id="defaultChild" type="string" onChange="updateFieldDefaultChild" alwaysNotify="true" />

    <field id="exitUp" type="boolean" value="false" />
    <field id="exitDown" type="boolean" value="false" />
    <field id="exitLeft" type="boolean" value="false" />
    <field id="exitRight" type="boolean" value="false" />
    <!-- layouts -->
    <field id="layout" type="string" value="map" />
    <field id="map" type="assocarray" value="{}" />
    <field id="orientation" type="string" value="vertical" />

    <field id="focus" type="boolean" value="false" onChange="updateFieldFocus" alwaysNotify="true" />
    <field id="debug" type="boolean" value="false" />

    <field id="backSelected" type="boolean" value="false" />
    <field id="selected" type="boolean" value="false" alwaysNotify="true" />
    <field id="enabled" type="boolean" value="true" alwaysNotify="true" />
    <field id="value" type="string" value="mybutton"/>

  </interface>

  <children />

</component>
