<?xml version="1.0" encoding="utf-8" ?>

<component name="RegisterPage" extends="SGDEXComponent" xsi:noNamespaceSchemaLocation="https://devtools.web.roku.com/schema/RokuSceneGraph.xsd">
  <script type="text/brightscript" uri="RegisterPage.brs" />
  <script type="text/brightscript" uri="pkg:/source/GHRDK/Utils.brs" />
  <script type="text/brightscript" uri="pkg:/source/GHRDK/Screen.brs" />


  <interface>

    <field id="jumpTo" type="string" />
    <field id="focus" type="boolean" value="false" onChange="updateFieldFocus" alwaysNotify="true" />

    <field id="debug" type="boolean" value="false" />

  </interface>

  <children>

    <Poster id="fondo" translation="[0,0]" width="1280" height="720" />

    <ButtonGroup id="botonera" translation="[100,100]">
      <Button id="btn-login" text="Login" iconUri=""/>
      <Button id="btn-landing" text="Landing" iconUri=""/>
    </ButtonGroup>

  </children>

</component>
