<?xml version="1.0" encoding="utf-8" ?>
<component name="GHMenu" extends="LayoutGroup">

  <script type="text/brightscript" uri="GHMenu.brs"/>
  <script type="text/brightscript" uri="GHMenu_fields.brs"/>
  <script type="text/brightscript" uri="pkg:/source/GHRDK/Utils.brs" />

  <interface>
    <!-- defaults -->
    <field id="defaultChild" type="string" onChange="updateFieldDefaultChild" alwaysNotify="true" />

    <field id="exitUp" type="boolean" value="false" />
    <field id="exitDown" type="boolean" value="false" />
    <field id="exitLeft" type="boolean" value="false" />
    <field id="exitRight" type="boolean" value="false" />
    <!-- layouts -->
    <field id="orientation" type="string" value="horizontal" />

    <field id="focus" type="boolean" value="false" onChange="updateFieldFocus" alwaysNotify="true" />
    <field id="debug" type="boolean" value="false" />

    <field id="selected" type="boolean" value="false" alwaysNotify="true" />
    <field id="value" type="string" value="mybutton"/>

  </interface>

  <children />

</component>
