<?xml version="1.0" encoding="utf-8" ?>

<component name="LoginPage" extends="SGDEXComponent" xsi:noNamespaceSchemaLocation="https://devtools.web.roku.com/schema/RokuSceneGraph.xsd">
  <script type="text/brightscript" uri="LoginPage.brs" />
  <script type="text/brightscript" uri="pkg:/source/GHRDK/Utils.brs" />
  <script type="text/brightscript" uri="pkg:/source/GHRDK/Fonts.brs" />


  <interface>
    <field id="jumpTo" type="string" />
    <field id="focus" type="boolean" value="false" onChange="updateFieldFocus" alwaysNotify="true" />
    <field id="debug" type="boolean" value="true" />
  </interface>

  <children>
    <!-- Fondo y Textos -->
    <Poster id="fondo" translation="[0,0]" width="1280" height="720" />
    <Label id="title" focusable="false" translation="[0,140]" width="1280" horizAlign = "center" text="Inicia sesión" />
    <Label id="descrip" focusable="false" translation="[0,220]" width="1280" horizAlign = "center" text="¿Cuál es tu correo electrónico?" />

    <!-- Botonera -->
    <GHButtonGroup id="botonera" layout="childs" orientation="vertical" defaultChild="user">
      <GHInput id="user" value="" placeholder="Usuario" translation="[440,300]" color="0xFF0000" selColor="0xFFFFFF" focusColor="0xFFFF00" placeholdercolor="0x00FFFF" password="false" width="400" height="70" title="Usuario" titleColor="0xCCCC00" message="Ingreses su email" messageColor="0x00CCCC"/>
      <GHInput id="pass" value="" placeholder="Password" translation="[440,380]" color="0xFF0000" selColor="0xFFFFFF" focusColor="0xFFFF00" placeholdercolor="0x00FFFF" password="true" width="400" height="70" title="Usuario" titleColor="0xCCCC00" message="Ingreses su email" messageColor="0x00CCCC"/>
      <GHButton id="login" text="INICIA SESIÓN" value="page_home" translation="[440,500]" width="400" backcolor="0xFF0000CC" selBackColor="0xFF0000FF" focusColor="0xFFFFFFFF" />
      <GHButton id="cancel" text="CANCELAR" value="page_landing" translation="[440,590]" width="400" />
    </GHButtonGroup>

    <GHError id="error" />

  </children>

</component>
