<?xml version="1.0" encoding="utf-8" ?>

<component name="HomePage" extends="SGDEXComponent" xsi:noNamespaceSchemaLocation="https://devtools.web.roku.com/schema/RokuSceneGraph.xsd">

  <script type="text/brightscript" uri="HomePage.brs" />
  <script type="text/brightscript" uri="pkg:/source/GHRDK/Utils.brs" />
  <script type="text/brightscript" uri="pkg:/source/GHRDK/Screen.brs" />

  <interface>

    <field id="focus" type="boolean" value="false" onChange="updateFieldFocus" alwaysNotify="true" />
    <field id="jumpTo" type="string" />
    <field id="debug" type="boolean" value="true" />

  </interface>

  <children>
    <Poster id="fondo" translation="[0,0]" width="1280" height="720" />

    <GHMenu id="menu" exitUp="true" layoutDirection="horiz" horizAlignment="center" translation="[640,20]" itemSpacings="20" debug="true">
      <GHOption id="m1" value="mnu1" text="opcion1" color="0x0000ffff" selcolor="0xffffffff" />
      <GHOption id="m2" value="mnu2" text="opcion2" color="0x0000ffff" selcolor="0xffffffff" />
      <GHOption id="m3" value="mnu3" text="opcion3" color="0x0000ffff" selcolor="0xffffffff" />
      <GHOption id="m4" value="mnu4" text="opcion4" color="0x0000ffff" selcolor="0xffffffff" />
      <GHOption id="m5" value="mnuLogout" text="Salir" color="0x0000ffff" selcolor="0xffffffff" />
    </GHMenu>

  </children>

</component>
