<?xml version="1.0" encoding="utf-8" ?>
<component name="ExApi" extends="BaseScene">

  <script type="text/brightscript" uri="ExApi.brs" />
  <script type="text/brightscript" uri="pkg:/source/GHRDK/Utils.brs" />

  <children>

    <GHButtonGroup id="g01" defaultChild="b01">
      <GHButton id="b01" text="StartHeaderInfo" value="ERROR1" translation="[50,50]" width="400" height="70" />
    </GHButtonGroup>

    <Label id="result1" text="*" width="1080" height="600" translation="[100,100]" horizAlign="left" vertAlign="center" />
    <Label id="result2" text="*" width="1080" height="600" translation="[100,150]" horizAlign="left" vertAlign="center" />
    <Label id="result3" text="*" width="1080" height="600" translation="[100,200]" horizAlign="left" vertAlign="center" />
    <Label id="result4" text="*" width="1080" height="600" translation="[100,250]" horizAlign="left" vertAlign="center" />
    <Label id="result5" text="*" width="1080" height="600" translation="[100,300]" horizAlign="left" vertAlign="center" />

    <GHError id="error" translation="[0,0]" />

  </children>
</component>