<?xml version="1.0" encoding="utf-8" ?>
<component name="ExGHMenu" extends="Scene">

  <script type="text/brightscript" uri="ExGHMenu.brs" />
  <script type="text/brightscript" uri="pkg:/source/GHRDK/Utils.brs" />


  <children>
    <Label id="title" text="*" width="1280" translation="[0,10]" horizAlign="right" vertAlign="center" />
    <GHButton id="b00" text="soy un boton" value="000b00" translation="[100,100]" width="300" height="60" debug="true" />

    <GHMenu id="menu" exitUp="true" layoutDirection="horiz" horizAlignment="center" translation="[600,300]" itemSpacings="20" debug="true">
      <GHOption id="m1" value="mnu1" text="gustavo"/>
      <GHOption id="m2" value="mnu2" text="op1"/>
      <!-- <GHOption id="m3" value="mnu3" text="Daniel"/>
      <GHOption id="m4" value="mnu4" text="opcion2"/>
      <GHOption id="m5" value="mnu5" text="OTra opcion"/> -->
    </GHMenu>

  </children>

</component>
