<?xml version="1.0" encoding="utf-8" ?>
<component name="ExGHInput" extends="BaseScene">

  <script type="text/brightscript" uri="ExGHInput.brs" />
  <script type="text/brightscript" uri="pkg:/source/GHRDK/Utils.brs" />

  <children>
    <!-- <Label id="title" text="*" width="1280" translation="[0,10]" horizAlign="right" vertAlign="center" /> -->

    <!-- <Keyboard id="prueba"/> -->
    <!-- <KeyboardDialog id="prueba"/> -->
    <!-- <TextEditBox focusable="true" id="prueba" translation="[50,50]" text="hola" /> -->

    <GHButtonGroup id="g01">
      <GHButton id="b01" text="soy un boton" value="000b00" translation="[100,100]" width="400" height="70" />
      <GHInput id="i01" translation="[100,200]" width="400" height="70" color="#aaa" selColor="#fff" />
      <!-- value="value"  -->
      <GHInput id="i02" placeholder="placeholder" value="value" color="0xFF0000" selColor="0xFFFFFF" focusColor="0xFFFF00" placeholdercolor="0x00FFFF" password="true" translation="[100,300]" width="400" height="70" focusPadding="12" maxTextLength="3" title="Usuario" titleColor="0xCCCC00" message="Ingreses su email" messageColor="0x00CCCC"/>
      <GHInput id="i03" translation="[100,400]" width="400" height="70" color="#aaa" selColor="#fff" />
      <GHButton id="b02" text="Login" translation="[100,500]" width="400" height="70" />
    </GHButtonGroup>

  </children>

</component>
