<?xml version="1.0" encoding="utf-8" ?>
<component name="ExGHButtons" extends="Scene">

  <script type="text/brightscript" uri="ExGHButtons.brs" />
  <script type="text/brightscript" uri="pkg:/source/GHRDK/Utils.brs" />


  <children>
    <Label id="title" text="*" width="200" height="100" translation="[0,10]" horizAlign="right" vertAlign="center" />

    <GHButton id="b00" text="soy un boton" value="000b00" translation="[100,100]" debug="true" />

    <GHButtonGroup id="g01" exitUp="true" exitRight="true" defaultChild="b03">
      <GHButton id="b01" text="!!boton-1" value="g01b01" translation="[100,200]" backcolor="0xff5f0088" selBackColor="0xff5f0088" focusColor="0x1437AD" />
      <GHButton id="b02" text="boton-2" value="g01b02" translation="[100,320]" horizAlign="left" backcolor="0xFF5F0088" selBackColor="0xff5f0088" focusColor="0x1437AD" />
      <GHButton id="b03" text="boton-3" value="g01b03" translation="[100,440]" horizAlign="center" backcolor="0xFF5F0088" selBackColor="0xff5f0088" focusColor="0x1437AD" />
      <GHButton id="b04" text="boton-4" value="g01b04" translation="[100,560]" horizAlign="right" backcolor="0xFF5F0088" selBackColor="0xff5f0088" focusColor="0x1437AD" />
    </GHButtonGroup>

    <GHButtonGroup id="g02" layout="childs" orientation="vertical" exitUp="true" exitLeft="true" exitRight="true" defaultChild="b06">
      <GHButton id="b05" text="REGÍSTRATE" value="g02b05" translation="[450,200]" backcolor="0x1437AD" selBackColor="0x1437AD" focusColor="0xFF5F0088" />
      <GHButton id="b06" text="soy un boton" value="g02b06" translation="[450,320]" horizAlign="left" backcolor="0x1437AD" selBackColor="0x1437AD" focusColor="0xFF5F0088" />
      <GHButton id="b07" text="soy un boton" value="g02b07" translation="[450,440]" horizAlign="center" backcolor="0x1437AD" selBackColor="0x1437AD" focusColor="0xFF5F0088" />
      <GHButton id="b08" text="soy un boton" value="g02b08" translation="[450,560]" horizAlign="right" backcolor="0x1437AD" selBackColor="0x1437AD" focusColor="0xFF5F0088" />
    </GHButtonGroup>

    <GHButtonGroup id="g03" layout="childs" orientation="horizontal" exitUp="true" exitLeft="true" defaultChild="b09">
      <GHButton id="b09" text="a" value="g03b09" translation="[800,300]" width="90" backcolor="0x7CE700" focusColor="0x7CE700"/>
      <GHButton id="b10" text="b" value="g03b10" translation="[900,300]" width="90" horizAlign="left" backcolor="0x7CE700" />
      <GHButton id="b11" text="c" value="g03b11" translation="[1000,300]" width="90" horizAlign="center" backcolor="0x7CE700" focusColor="0x7CE700" />
      <GHButton id="b12" text="d" value="g03b12" translation="[1100,300]" width="90" horizAlign="right" backcolor="0x7CE700" />
    </GHButtonGroup>

  </children>

</component>
