<?xml version="1.0" encoding="utf-8" ?>
<component name="ExGHError" extends="BaseScene">

  <script type="text/brightscript" uri="ExGHError.brs" />
  <script type="text/brightscript" uri="pkg:/source/GHRDK/Utils.brs" />

  <children>
    <!-- <Label id="title" text="*" width="1280" translation="[0,10]" horizAlign="right" vertAlign="center" /> -->

    <GHButtonGroup id="g01" defaultChild="b01">
      <GHButton id="b01" text="Error1" value="ERROR1" translation="[300,100]" width="400" height="70" />
      <GHButton id="b02" text="Error2" value="ERROR2" translation="[300,300]" width="400" height="70" />
    </GHButtonGroup>

    <GHError id="error" translation="[0,0]" />

  </children>

</component>