<?xml version="1.0" encoding="utf-8" ?>
<component name="ExGHTextScroll" extends="Scene">

  <script type="text/brightscript" uri="ExGHTextScroll.brs" />
  <script type="text/brightscript" uri="pkg:/source/GHRDK/Utils.brs" />


  <children>
    <Label id="title" text="*" width="200" height="100" translation="[0,10]" horizAlign="right" vertAlign="center" />
    <GHButton id="b00" text="soy como un back, pero no hago nada" value="000b00" translation="[100,100]" />

    <!-- <GHTextScroll id="texto" translation="[100,200]" width="300" height="200" debug="true"/> -->
    <GHTextScroll id="texto" translation="[100,200]" width="1080" height="500" color="0x333333" backColor="0x444444" selColor="0xFFFFFF" selBackColor="0x000000" debug="true"/>

  </children>

</component>
