<?xml version="1.0" encoding="utf-8" ?>
<component name="ExGHLoading" extends="BaseScene">

  <script type="text/brightscript" uri="ExGHLoading.brs" />
  <script type="text/brightscript" uri="pkg:/source/GHRDK/Utils.brs" />

  <children>

    <GHButtonGroup id="g01" defaultChild="b01">
      <GHButton id="b01" text="Full" value="FULL" translation="[100,100]" />
      <GHButton id="b02" text="Parcial" value="PARCIAL" translation="[100,200]" />
      <GHButton id="b03" text="Simple" value="SIMPLE" translation="[100,300]" />
    </GHButtonGroup>
    <Timer id="timer" repeat="true" duration="5"/>

    <GHLoading id="loading" visible="false"/>

  </children>

</component>