{
  "env": "development",
  "mfwk": {
    "host": "https://mfwkweb-api.clarovideo.net",
    "api_version": "v5.86",
    "appKey": "e02220e5cf73f1d4cf793ac4f9d1adf4",
    "authpn": "roku",
    "authpt": "IdbIIWeFzYdy",
    "device_type": "generic",
    "device_model": "generic",
    "device_manufacturer": "roku",
    "device_category": "stb",
    "format": "json"
  },
  "middleware": {
    "host": "https://rokub-test.clarovideo.net"
  },
  "theme": {
    "global": {
      "OverhangVisible": false,
      "textColor": "#00FF00FF",
      "backgroundColor": "#000000FF"
    }
  }
}
