{
  "env": "production",
  "mfwk": {
    "host": "https://mfwkweb-api.clarovideo.net",
    "api_version": "v5.86",
    "appKey": "22e8485ee03c77afdec9251",
    "authpn": "roku",
    "authpt": "IdbIIWeFzYdy",
    "device_type": "generic",
    "device_model": "generic",
    "device_manufacturer": "roku",
    "device_category": "stb",
    "format": "json"
  },
  "middleware": {
    "host": "http://??????:3000"
  },
  "theme": {
    "global": {
      "OverhangVisible": false,
      "textColor": "#00FF00FF",
      "backgroundColor": "#000000FF"
    }
  }
}
