<?xml version="1.0" encoding="utf-8" ?>

<!-- <component name="LandingPage" extends="ComponentController"> -->
<component name="TerminosPage" extends="SGDEXComponent" xsi:noNamespaceSchemaLocation="https://devtools.web.roku.com/schema/RokuSceneGraph.xsd" initialFocus="texto">
  <script type="text/brightscript" uri="TerminosPage.brs" />
  <script type="text/brightscript" uri="pkg:/source/GHRDK/Utils.brs" />
  <script type="text/brightscript" uri="pkg:/source/GHRDK/Fonts.brs" />

  <interface>
    <field id="jumpTo" type="string" />
    <field id="focus" type="boolean" value="false" onChange="updateFieldFocus" alwaysNotify="true" />
    <field id="debug" type="boolean" value="true" />
  </interface>

  <children>
    <Poster id="logo" translation="[500,30]" width="280" height="57" />
    <Label id="title" focusable="false" translation="[272,100]" width="696" height="56" horizAlign = "center" text="Terminus" />
    <GHTextScroll id="texto" width="1080" height="520" translation="[100,180]" debug="true"/>
    <!-- <GHButton id="btnRegister" width= "368" height= "72" text="REGÍSTRATE" value="page_register" translation="[464,344]" backcolor="#981C15" color="#FFFFFF" selColor="#FFFFFF" selBackColor="#981C15" focusColor="0xFFFFFFFF" /> -->
  </children>

</component>
