<?xml version="1.0" encoding="utf-8"?>
<component name="MainScene" extends="BaseScene">
	<script type="text/brightscript" uri="MainScene.brs" />
	<script type="text/brightscript" uri="Pages.brs" />

	<script type="text/brightscript" uri="pkg:/components/Pages/HomePoc/viewsLogic/GridViewLogic.brs" />
	<script type="text/brightscript" uri="pkg:/components/Pages/HomePoc/viewsLogic/DetailsViewLogic.brs" />
	<script type="text/brightscript" uri="pkg:/components/Pages/HomePoc/viewsLogic/VideoPlayerLogic.brs" />
	<script type="text/brightscript" uri="pkg:/components/Pages/HomePoc/viewsLogic/EpisodePickerLogic.brs" />

	<script type="text/brightscript" uri="pkg:/source/GHRDK/Utils.brs" />
	<script type="text/brightscript" uri="pkg:/source/GHRDK/Files.brs" />
	<script type="text/brightscript" uri="pkg:/source/GHRDK/Screen.brs" />
	<children>
	</children>
</component>
