<?xml version="1.0" encoding="utf-8" ?>
<component name="GHLoading" extends="Group" initialFocus="label">

  <script type="text/brightscript" uri="GHLoading.brs"/>
  <script type="text/brightscript" uri="GHLoading_fields.brs"/>
  <script type="text/brightscript" uri="pkg:/source/GHRDK/Utils.brs" />

  <interface>

    <!-- text -->
    <!-- <field id="title" type="string" value="Alert" onChange="updateFieldTitle" alwaysNotify="true" />
    <field id="descrip" type="string" value="" onChange="updateFieldDescrip" alwaysNotify="true" /> -->
    <!-- position -->
    <!-- <field id="translation" type="string" value="[0,0]" onChange="updateFieldTranslation" /> -->
    <field id="width" type="string" value="1280" alias="background.width" onChange="RecalcSpinner" alwaysNotify="true"/>
    <field id="height" type="string" value="720" alias="background.height" onChange="RecalcSpinner" alwaysNotify="true"/>
    <!-- align -->
    <field id="backColor" type="string" value="0x000000DD" alias="background.color" />
    <!-- focus and select -->
    <!-- <field id="focus" type="boolean" value="false" onChange="updateFieldFocus" /> -->
    <!-- <field id="selected" type="boolean" value="false" alwaysNotify="true" /> -->
    <!-- <field id="value" type="string" value=""/> -->
    <!-- componente -->
    <!-- <field id="wasClosed" type="boolean" value="false" alwaysNotify="true" /> -->
    <!-- <field id="visible" type="boolean" value="false" alias="spinner.visible" /> -->
    <!-- <field id="visible" type="boolean" value="false" onChange="updateFieldVisible" /> -->
    <field id="debug" type="boolean" value="true" />

  </interface>

  <children>
    <Rectangle id="background" color="0x000000DD" translation="[0,0]" width="1280" height="720" focusable="true">
      <BusySpinner id="spinner" uri="" visible="true" />
    </Rectangle>
  </children>

</component>
