<?xml version="1.0" encoding="utf-8" ?>

<!-- <component name="LandingPage" extends="ComponentController"> -->
<component name="LandingPage" extends="SGDEXComponent" xsi:noNamespaceSchemaLocation="https://devtools.web.roku.com/schema/RokuSceneGraph.xsd">
  <script type="text/brightscript" uri="LandingPage.brs" />
  <script type="text/brightscript" uri="pkg:/source/GHRDK/Utils.brs" />
  <script type="text/brightscript" uri="pkg:/source/GHRDK/Fonts.brs" />
  <script type="text/brightscript" uri="pkg:/source/GHRDK/Screen.brs" />


  <interface>

    <field id="jumpTo" type="string" />
    <field id="focus" type="boolean" value="false" onChange="updateFieldFocus" alwaysNotify="true" />

    <field id="debug" type="boolean" value="false" />

  </interface>

  <children>
    <!-- Fondo y Textos -->
    <Poster id="fondo" translation="[0,0]" width="1280" height="720" />
    <Label id="title" focusable="false" translation="[0,140]" width="1280" horizAlign = "center" text="¡Todo lo que te gusta en sólo lugar!" />
    <Label id="descrip" focusable="false" translation="[0,220]" width="1280" horizAlign = "center" text="El mejor contenido, canales de TV, películas y series." />
    <!-- Botonera -->
    <GHButtonGroup id="b01" layout="childs" orientation="vertical" defaultChild="btnLogin">
      <GHButton id="btnLogin" text="INICIA SESIÓN" value="page_login" translation="[450,320]" backcolor="0x1437AD" selBackColor="0x1437AD" focusColor="0xFFFFFFFF" />
      <GHButton id="btnRegister" text="REGÍSTRATE" value="page_register" translation="[450,400]" backcolor="0x1437AD" selBackColor="0x1437AD" focusColor="0xFFFFFFFF" />
      <!-- <GHButton id="bfree" text="VER GRATIS" value="page_home" translation="[450,440]" backcolor="0x1437AD" selBackColor="0x1437AD" focusColor="0xFF5F0088" /> -->
    </GHButtonGroup>

  </children>

</component>
